{
  "features": [
    "PULocationID",
    "DOLocationID",
    "trip_miles",
    "trip_time",
    "pickup_delay_sec",
    "shared_request_flag",
    "wav_request_flag",
    "wav_match_flag",
    "trip_count",
    "avg_pickup_delay_sec"
  ],
  "train_months": [
    "2021-01",
    "2021-02",
    "2021-03",
    "2021-04",
    "2021-05",
    "2021-06",
    "2021-07",
    "2021-08"
  ],
  "val_month": "2021-09",
  "test_month": "2021-10",
  "target_transform": "none",
  "segments": {
    "all": {
      "validation": {
        "mae": 4.561689123015438,
        "rmse": 7.772357624289055,
        "r2": 0.7975969760649237,
        "p90_abs_error": 10.274160446452644,
        "mean_y_true": 23.74186448,
        "mean_y_pred": 22.86571368835552,
        "n": 500000
      },
      "test": {
        "mae": 4.008179236669863,
        "rmse": 6.6949400923048294,
        "r2": 0.8218675348811417,
        "p90_abs_error": 9.116000119322013,
        "mean_y_true": 22.33494136,
        "mean_y_pred": 21.896696230755634,
        "n": 500000
      },
      "n_train": 4000000,
      "n_val": 500000,
      "n_test": 500000
    }
  }
}