{
  "test_month": "2021-10",
  "best_rmse": {
    "mae": 3.5547751108931025,
    "rmse": 6.245244659967408,
    "r2": 0.8462065863584008,
    "p90_abs_error": 8.445025977356211,
    "mean_y_true": 22.374474459422853,
    "mean_y_pred": 21.784528240259423,
    "n": 16274319,
    "test_month": "2021-10",
    "sample_n": 16274319,
    "model_name": "baseline_hgb"
  },
  "best_mae": {
    "mae": 3.5387520393755034,
    "rmse": 6.326441995876077,
    "r2": 0.8421815097421621,
    "p90_abs_error": 8.437483281418444,
    "mean_y_true": 22.374474459422853,
    "mean_y_pred": 21.264938374865046,
    "n": 16274319,
    "test_month": "2021-10",
    "sample_n": 16274319,
    "model_name": "model_log"
  },
  "best_r2": {
    "mae": 3.5547751108931025,
    "rmse": 6.245244659967408,
    "r2": 0.8462065863584008,
    "p90_abs_error": 8.445025977356211,
    "mean_y_true": 22.374474459422853,
    "mean_y_pred": 21.784528240259423,
    "n": 16274319,
    "test_month": "2021-10",
    "sample_n": 16274319,
    "model_name": "baseline_hgb"
  }
}