{
  "mae": 0.44712383200639744,
  "rmse": 1.4554593552158779,
  "r2": 0.9916470672045297,
  "p90_abs_error": 0.7782270309423261,
  "mean_y_true": 22.374474459422853,
  "mean_y_pred": 22.33823153802667,
  "n": 16274319,
  "test_month": "2021-10",
  "sample_n": 16274319,
  "model_path": "C:\\Users\\olato\\Downloads\\group 7 capstone\\capstone_2026\\models\\final_model_quantile\\baseline_hgb_model.joblib"
}