{
  "features": [
    "PULocationID",
    "DOLocationID",
    "trip_miles",
    "trip_time",
    "tips",
    "driver_pay",
    "fare_per_mile",
    "pickup_delay_sec",
    "shared_request_flag",
    "wav_request_flag",
    "wav_match_flag",
    "trip_count",
    "avg_pickup_delay_sec",
    "med_fare_per_mile"
  ],
  "train_months": [
    "2021-01",
    "2021-02",
    "2021-03",
    "2021-04",
    "2021-05",
    "2021-06",
    "2021-07",
    "2021-08"
  ],
  "val_month": "2021-09",
  "test_month": "2021-10",
  "target_transform": "none",
  "segments": {
    "all": {
      "validation": {
        "mae": 0.5591173287205501,
        "rmse": 1.922279339578893,
        "r2": 0.9876193216002143,
        "p90_abs_error": 0.8967913552774267,
        "mean_y_true": 23.74186448,
        "mean_y_pred": 23.62695221285281,
        "n": 500000
      },
      "test": {
        "mae": 0.44674060820553907,
        "rmse": 1.4599665490146219,
        "r2": 0.9915289840759814,
        "p90_abs_error": 0.7745766257547732,
        "mean_y_true": 22.33494136,
        "mean_y_pred": 22.29742246526677,
        "n": 500000
      },
      "n_train": 4000000,
      "n_val": 500000,
      "n_test": 500000
    }
  }
}