trip_length_bucket,mean,std,count
short,10.748173238418635,4.3728757059235015,36497193
medium,17.573456860396096,6.615332312913211,36441839
long,35.143603253145955,17.168029401545255,37487405
