component,average_amount
base_passenger_fare,21.282310566354656
congestion_surcharge,0.9890699022553812
airport_fee,0.12496375498581838
tolls,0.8572139014138428
sales_tax,1.8387157960190321
tips,0.7270519856581102
