month,base_passenger_fare
1,17.037504718315212
2,18.977875834331797
3,19.52321812375206
4,21.145978728598482
5,22.44995212923693
6,23.604345711357443
7,23.209947676354947
8,22.918820600515385
