feature,mean,std,min,median,max
trip_miles,4.691171383758774,4.786640851729142,0.4,2.97,31.53
trip_time,1061.6446610593118,706.6496201047305,156.0,878.5,4806.0
base_passenger_fare,21.289416679344797,15.073800408997489,5.57,16.94,113.7
driver_pay,17.149631111763128,13.319304919161059,0.0,13.55,709.25
fare_per_mile,6.356805885806705,3.7404035726398757,1.785138692233264,5.43335508211615,30.106382978723406
