hvfhs_license_num,mean,std,count
HV0003,21.078092168241156,15.063348123512835,79483691
HV0004,28.00096348153341,16.09687629522462,708929
HV0005,21.661653477627386,15.038061837155631,30233817
