{
  "features": [
    "PULocationID",
    "DOLocationID",
    "trip_miles",
    "trip_time",
    "pickup_delay_sec",
    "shared_request_flag",
    "wav_request_flag",
    "wav_match_flag",
    "trip_count",
    "avg_pickup_delay_sec"
  ],
  "train_months": [
    "2021-01",
    "2021-02",
    "2021-03",
    "2021-04",
    "2021-05",
    "2021-06",
    "2021-07",
    "2021-08"
  ],
  "val_month": "2021-09",
  "test_month": "2021-10",
  "target_transform": "none",
  "segments": {
    "all": {
      "validation": {
        "mae": 4.114085432351418,
        "rmse": 7.2064106316892165,
        "r2": 0.8259999165744181,
        "p90_abs_error": 9.49624808120728,
        "mean_y_true": 23.74186448,
        "mean_y_pred": 23.02545928955078,
        "n": 500000
      },
      "test": {
        "mae": 3.577488980066643,
        "rmse": 6.307872423285361,
        "r2": 0.8418695561752325,
        "p90_abs_error": 8.509658195495614,
        "mean_y_true": 22.33494136,
        "mean_y_pred": 21.679630279541016,
        "n": 500000
      },
      "n_train": 4000000,
      "n_val": 500000,
      "n_test": 500000
    }
  }
}