{
  "features": [
    "PULocationID",
    "DOLocationID",
    "trip_miles",
    "trip_time",
    "tips",
    "driver_pay",
    "fare_per_mile",
    "pickup_delay_sec",
    "shared_request_flag",
    "wav_request_flag",
    "wav_match_flag",
    "trip_count",
    "avg_pickup_delay_sec",
    "med_fare_per_mile"
  ],
  "train_months": [
    "2021-01",
    "2021-02",
    "2021-03",
    "2021-04",
    "2021-05",
    "2021-06",
    "2021-07",
    "2021-08"
  ],
  "val_month": "2021-09",
  "test_month": "2021-10",
  "target_transform": "none",
  "segments": {
    "all": {
      "validation": {
        "mae": 0.3650251624177933,
        "rmse": 1.2538982120154336,
        "r2": 0.9947321183150452,
        "p90_abs_error": 0.6254697113037141,
        "mean_y_true": 23.74186448,
        "mean_y_pred": 23.701658248901367,
        "n": 500000
      },
      "test": {
        "mae": 0.3011373822396278,
        "rmse": 0.945439178297569,
        "r2": 0.9964476407628056,
        "p90_abs_error": 0.5577703552246095,
        "mean_y_true": 22.33494136,
        "mean_y_pred": 22.34903335571289,
        "n": 500000
      },
      "n_train": 4000000,
      "n_val": 500000,
      "n_test": 500000
    }
  }
}