{
  "features": [
    "PULocationID",
    "DOLocationID",
    "trip_miles",
    "trip_time",
    "pickup_delay_sec",
    "shared_request_flag",
    "wav_request_flag",
    "wav_match_flag",
    "trip_count",
    "avg_pickup_delay_sec"
  ],
  "train_months": [
    "2021-01",
    "2021-02",
    "2021-03",
    "2021-04",
    "2021-05",
    "2021-06",
    "2021-07",
    "2021-08"
  ],
  "val_month": "2021-09",
  "test_month": "2021-10",
  "target_transform": "log1p",
  "segments": {
    "all": {
      "validation": {
        "mae": 4.025951717667669,
        "rmse": 7.196919598609382,
        "r2": 0.8264579401694172,
        "p90_abs_error": 9.347971705335398,
        "mean_y_true": 23.74186448,
        "mean_y_pred": 22.539626988909095,
        "n": 500000
      },
      "test": {
        "mae": 3.535395567713201,
        "rmse": 6.319297453087373,
        "r2": 0.8412962151055479,
        "p90_abs_error": 8.42437773232886,
        "mean_y_true": 22.33494136,
        "mean_y_pred": 21.228791120129607,
        "n": 500000
      },
      "n_train": 4000000,
      "n_val": 500000,
      "n_test": 500000
    }
  }
}