{
  "split": {
    "train_months": [
      "2021-01",
      "2021-02",
      "2021-03",
      "2021-04",
      "2021-05",
      "2021-06",
      "2021-07",
      "2021-08"
    ],
    "val_month": "2021-09",
    "test_month": "2021-10",
    "per_month_sample_train": 200000,
    "per_month_sample_val_test": 150000
  },
  "validation": {
    "MAE": 4.726393402240286,
    "RMSE": 7.934233653018104,
    "WAPE": 0.19927671142081005,
    "P90_abs_error": 10.333320797616476,
    "n": 150000
  },
  "test": {
    "MAE": 4.3725148333099915,
    "RMSE": 6.756306799422792,
    "WAPE": 0.19524549575460665,
    "P90_abs_error": 9.147591059466789,
    "n": 150000
  },
  "model": "HistGradientBoostingRegressor",
  "target": "base_passenger_fare",
  "features": [
    "trip_miles",
    "trip_time",
    "hour",
    "dow",
    "month_num",
    "PULocationID",
    "DOLocationID",
    "hvfhs_license_num"
  ]
}