{
  "features": [
    "PULocationID",
    "DOLocationID",
    "trip_miles",
    "trip_time",
    "pickup_delay_sec",
    "shared_request_flag",
    "wav_request_flag",
    "wav_match_flag",
    "trip_count",
    "avg_pickup_delay_sec"
  ],
  "train_months": [
    "2021-01",
    "2021-02",
    "2021-03",
    "2021-04",
    "2021-05",
    "2021-06",
    "2021-07",
    "2021-08"
  ],
  "val_month": "2021-09",
  "test_month": "2021-10",
  "target_transform": "none",
  "segments": {
    "short": {
      "validation": {
        "mae": 2.359818448646422,
        "rmse": 3.8727486673724485,
        "r2": 0.4775752736572808,
        "p90_abs_error": 5.663861338232912,
        "mean_y_true": 11.888608083005401,
        "mean_y_pred": 11.606739909645823,
        "n": 163652
      },
      "test": {
        "mae": 2.149364761153315,
        "rmse": 3.7916296060865626,
        "r2": 0.40733151521654465,
        "p90_abs_error": 5.242215919749609,
        "mean_y_true": 11.341343529719946,
        "mean_y_pred": 10.721246579059438,
        "n": 167968
      },
      "n_train": 1350179,
      "n_val": 163652,
      "n_test": 167968
    },
    "medium": {
      "validation": {
        "mae": 3.647314039867774,
        "rmse": 5.9209296243554785,
        "r2": 0.5552941452096463,
        "p90_abs_error": 8.239422000067153,
        "mean_y_true": 21.132489580492194,
        "mean_y_pred": 20.501460862981805,
        "n": 208983
      },
      "test": {
        "mae": 3.222368118991649,
        "rmse": 5.372544698288581,
        "r2": 0.544686737518123,
        "p90_abs_error": 7.334352846037323,
        "mean_y_true": 20.149946277083504,
        "mean_y_pred": 19.346367635852754,
        "n": 208291
      },
      "n_train": 1684867,
      "n_val": 208983,
      "n_test": 208291
    },
    "long": {
      "validation": {
        "mae": 6.874318967157634,
        "rmse": 10.922147483841124,
        "r2": 0.724513399888455,
        "p90_abs_error": 15.947837100244465,
        "mean_y_true": 43.253693557884816,
        "mean_y_pred": 42.27513185316335,
        "n": 127365
      },
      "test": {
        "mae": 5.9540257856672785,
        "rmse": 9.416780830858926,
        "r2": 0.7529998755680478,
        "p90_abs_error": 13.667196311375136,
        "mean_y_true": 40.93578870382493,
        "mean_y_pred": 40.564950598388606,
        "n": 123741
      },
      "n_train": 964954,
      "n_val": 127365,
      "n_test": 123741
    }
  }
}