{
  "features": [
    "PULocationID",
    "DOLocationID",
    "trip_miles",
    "trip_time",
    "tips",
    "driver_pay",
    "fare_per_mile",
    "pickup_delay_sec",
    "shared_request_flag",
    "wav_request_flag",
    "wav_match_flag",
    "trip_count",
    "avg_pickup_delay_sec",
    "med_fare_per_mile"
  ],
  "train_months": [
    "2021-01",
    "2021-02",
    "2021-03",
    "2021-04",
    "2021-05",
    "2021-06",
    "2021-07",
    "2021-08"
  ],
  "val_month": "2021-09",
  "test_month": "2021-10",
  "target_transform": "none",
  "segments": {
    "short": {
      "validation": {
        "mae": 0.23816455553493462,
        "rmse": 0.9707324560710928,
        "r2": 0.9671765521628374,
        "p90_abs_error": 0.4005736368883811,
        "mean_y_true": 11.888608083005401,
        "mean_y_pred": 11.938038510035504,
        "n": 163652
      },
      "test": {
        "mae": 0.20224657051040373,
        "rmse": 0.9008206529964485,
        "r2": 0.9665468750962112,
        "p90_abs_error": 0.3569571524659694,
        "mean_y_true": 11.341343529719946,
        "mean_y_pred": 11.343571259364984,
        "n": 167968
      },
      "n_train": 1350179,
      "n_val": 163652,
      "n_test": 167968
    },
    "medium": {
      "validation": {
        "mae": 0.2633562447020745,
        "rmse": 0.9375526685146011,
        "r2": 0.9888497553230466,
        "p90_abs_error": 0.45857454833767625,
        "mean_y_true": 21.132489580492194,
        "mean_y_pred": 21.135763402377773,
        "n": 208983
      },
      "test": {
        "mae": 0.23288818025921704,
        "rmse": 0.798230245379623,
        "r2": 0.9899490622143782,
        "p90_abs_error": 0.42175603430628783,
        "mean_y_true": 20.149946277083504,
        "mean_y_pred": 20.146873556701106,
        "n": 208291
      },
      "n_train": 1684867,
      "n_val": 208983,
      "n_test": 208291
    },
    "long": {
      "validation": {
        "mae": 0.8718806420933539,
        "rmse": 2.367976447336752,
        "r2": 0.9870509125763637,
        "p90_abs_error": 1.486541903598956,
        "mean_y_true": 43.253693557884816,
        "mean_y_pred": 43.00369183782842,
        "n": 127365
      },
      "test": {
        "mae": 0.6391082256758103,
        "rmse": 1.5449279534162093,
        "r2": 0.9933517290737033,
        "p90_abs_error": 1.2640069682401531,
        "mean_y_true": 40.93578870382493,
        "mean_y_pred": 40.90492431984154,
        "n": 123741
      },
      "n_train": 964954,
      "n_val": 127365,
      "n_test": 123741
    }
  }
}