{
  "features": [
    "PULocationID",
    "DOLocationID",
    "trip_miles",
    "trip_time",
    "pickup_delay_sec",
    "shared_request_flag",
    "wav_request_flag",
    "wav_match_flag",
    "trip_count",
    "avg_pickup_delay_sec"
  ],
  "train_months": [
    "2021-01",
    "2021-02",
    "2021-03",
    "2021-04",
    "2021-05",
    "2021-06",
    "2021-07",
    "2021-08"
  ],
  "val_month": "2021-09",
  "test_month": "2021-10",
  "target_transform": "none",
  "segments": {
    "all": {
      "validation": {
        "mae": 4.060591801351489,
        "rmse": 7.073821853183206,
        "r2": 0.8323437751639213,
        "p90_abs_error": 9.348034912598346,
        "mean_y_true": 23.74186448,
        "mean_y_pred": 23.15228981510368,
        "n": 500000
      },
      "test": {
        "mae": 3.552482914571687,
        "rmse": 6.235772766685289,
        "r2": 0.845463792631209,
        "p90_abs_error": 8.441085096662565,
        "mean_y_true": 22.33494136,
        "mean_y_pred": 21.747070997341986,
        "n": 500000
      },
      "n_train": 4000000,
      "n_val": 500000,
      "n_test": 500000
    }
  }
}