mae,rmse,r2,p90_abs_err
4.523597238150975,7.0591476712239745,0.7809558654780611,9.90719231489179
