mae,rmse,r2,p90_abs_err
4.91908285259321,7.470999331527087,0.7546508886593232,10.573865360705152
