mae,rmse,r2,p90_abs_err
0.7985045643247113,1.1107016963366636,0.7651171868654789,1.6845360146364825
