mae,rmse,r2,p90_abs_err
4.433145287946568,6.953533524342915,0.7874612119359496,9.754859130859382
